[
{
  "model": "fire_station.station",
  "pk": 1,
  "fields": {
    "station_name": "KU station",
    "address": "Kasertsart University",
    "staff_capacity": 30,
    "fire_engine_capacity": 5
  }
},
{
  "model": "fire_station.station",
  "pk": 2,
  "fields": {
    "station_name": "Central Fire Station",
    "address": "123 Main St, Springfield",
    "staff_capacity": 20,
    "fire_engine_capacity": 5
  }
},
{
  "model": "fire_station.station",
  "pk": 3,
  "fields": {
    "station_name": "Eastside Fire Station",
    "address": "456 Elm St, Springfield",
    "staff_capacity": 15,
    "fire_engine_capacity": 3
  }
},
{
  "model": "fire_station.station",
  "pk": 4,
  "fields": {
    "station_name": "West End Fire Station",
    "address": "789 Maple Ave, Springfield",
    "staff_capacity": 25,
    "fire_engine_capacity": 6
  }
},
{
  "model": "fire_station.station",
  "pk": 5,
  "fields": {
    "station_name": "Northview Fire Station",
    "address": "321 Oak St, Springfield",
    "staff_capacity": 18,
    "fire_engine_capacity": 4
  }
},
{
  "model": "fire_station.station",
  "pk": 6,
  "fields": {
    "station_name": "Southtown Fire Station",
    "address": "654 Pine St, Springfield",
    "staff_capacity": 12,
    "fire_engine_capacity": 2
  }
},
{
  "model": "fire_station.station",
  "pk": 7,
  "fields": {
    "station_name": "Riverbend Fire Station",
    "address": "987 River Rd, Springfield",
    "staff_capacity": 22,
    "fire_engine_capacity": 5
  }
},
{
  "model": "fire_station.station",
  "pk": 8,
  "fields": {
    "station_name": "Hilltop Fire Station",
    "address": "135 Hilltop Blvd, Springfield",
    "staff_capacity": 10,
    "fire_engine_capacity": 2
  }
},
{
  "model": "fire_station.station",
  "pk": 9,
  "fields": {
    "station_name": "Lakeside Fire Station",
    "address": "246 Lakeside Dr, Springfield",
    "staff_capacity": 30,
    "fire_engine_capacity": 7
  }
},
{
  "model": "fire_station.station",
  "pk": 10,
  "fields": {
    "station_name": "Downtown Fire Station",
    "address": "369 Downtown St, Springfield",
    "staff_capacity": 28,
    "fire_engine_capacity": 6
  }
},
{
  "model": "fire_station.station",
  "pk": 11,
  "fields": {
    "station_name": "Mountain View Fire Station",
    "address": "159 Mountain View Rd, Springfield",
    "staff_capacity": 16,
    "fire_engine_capacity": 3
  }
},
{
  "model": "fire_station.shift",
  "pk": 2,
  "fields": {
    "shift_start": "08:00:00",
    "shift_end": "16:00:00",
    "day": 1
  }
},
{
  "model": "fire_station.shift",
  "pk": 4,
  "fields": {
    "shift_start": "00:00:00",
    "shift_end": "08:00:00",
    "day": 1
  }
},
{
  "model": "fire_station.shift",
  "pk": 5,
  "fields": {
    "shift_start": "08:00:00",
    "shift_end": "16:00:00",
    "day": 2
  }
},
{
  "model": "fire_station.shift",
  "pk": 6,
  "fields": {
    "shift_start": "16:00:00",
    "shift_end": "00:00:00",
    "day": 2
  }
},
{
  "model": "fire_station.shift",
  "pk": 7,
  "fields": {
    "shift_start": "00:00:00",
    "shift_end": "08:00:00",
    "day": 2
  }
},
{
  "model": "fire_station.shift",
  "pk": 8,
  "fields": {
    "shift_start": "08:00:00",
    "shift_end": "16:00:00",
    "day": 3
  }
},
{
  "model": "fire_station.shift",
  "pk": 9,
  "fields": {
    "shift_start": "16:00:00",
    "shift_end": "00:00:00",
    "day": 3
  }
},
{
  "model": "fire_station.shift",
  "pk": 10,
  "fields": {
    "shift_start": "00:00:00",
    "shift_end": "08:00:00",
    "day": 3
  }
},
{
  "model": "fire_station.shift",
  "pk": 11,
  "fields": {
    "shift_start": "08:00:00",
    "shift_end": "16:00:00",
    "day": 4
  }
},
{
  "model": "fire_station.shift",
  "pk": 12,
  "fields": {
    "shift_start": "16:00:00",
    "shift_end": "00:00:00",
    "day": 4
  }
},
{
  "model": "fire_station.shift",
  "pk": 13,
  "fields": {
    "shift_start": "00:00:00",
    "shift_end": "08:00:00",
    "day": 4
  }
},
{
  "model": "fire_station.shift",
  "pk": 14,
  "fields": {
    "shift_start": "08:00:00",
    "shift_end": "16:00:00",
    "day": 5
  }
},
{
  "model": "fire_station.shift",
  "pk": 15,
  "fields": {
    "shift_start": "16:00:00",
    "shift_end": "00:00:00",
    "day": 5
  }
},
{
  "model": "fire_station.shift",
  "pk": 16,
  "fields": {
    "shift_start": "00:00:00",
    "shift_end": "08:00:00",
    "day": 5
  }
},
{
  "model": "fire_station.shift",
  "pk": 17,
  "fields": {
    "shift_start": "08:00:00",
    "shift_end": "16:00:00",
    "day": 6
  }
},
{
  "model": "fire_station.shift",
  "pk": 18,
  "fields": {
    "shift_start": "16:00:00",
    "shift_end": "00:00:00",
    "day": 6
  }
},
{
  "model": "fire_station.shift",
  "pk": 19,
  "fields": {
    "shift_start": "00:00:00",
    "shift_end": "08:00:00",
    "day": 6
  }
},
{
  "model": "fire_station.shift",
  "pk": 20,
  "fields": {
    "shift_start": "08:00:00",
    "shift_end": "16:00:00",
    "day": 7
  }
},
{
  "model": "fire_station.shift",
  "pk": 21,
  "fields": {
    "shift_start": "16:00:00",
    "shift_end": "00:00:00",
    "day": 7
  }
},
{
  "model": "fire_station.shift",
  "pk": 22,
  "fields": {
    "shift_start": "00:00:00",
    "shift_end": "08:00:00",
    "day": 7
  }
},
{
  "model": "fire_station.staff",
  "pk": 1,
  "fields": {
    "full_name": "Pasu S.",
    "dob": "2005-01-07",
    "gender": "Male",
    "position": "Inthe middle",
    "station": 1,
    "shift": [
      10,
      11,
      12,
      21
    ]
  }
},
{
  "model": "fire_station.staff",
  "pk": 2,
  "fields": {
    "full_name": "John Dodo",
    "dob": "0011-11-01",
    "gender": "Female",
    "position": "in the middle",
    "station": 5,
    "shift": [
      9,
      11
    ]
  }
},
{
  "model": "fire_station.staff",
  "pk": 3,
  "fields": {
    "full_name": "Michael Davis",
    "dob": "1992-04-10",
    "gender": "Male",
    "position": "Chief of Operations",
    "station": 1,
    "shift": [
      5,
      19
    ]
  }
},
{
  "model": "fire_station.staff",
  "pk": 4,
  "fields": {
    "full_name": "Michael Davis",
    "dob": "1992-04-10",
    "gender": "Male",
    "position": "Chief of Operations",
    "station": 1,
    "shift": [
      5,
      19
    ]
  }
},
{
  "model": "fire_station.staff",
  "pk": 5,
  "fields": {
    "full_name": "Sarah Thompson",
    "dob": "1984-08-22",
    "gender": "Female",
    "position": "Training Coordinator",
    "station": 1,
    "shift": [
      4,
      18,
      20
    ]
  }
},
{
  "model": "fire_station.staff",
  "pk": 6,
  "fields": {
    "full_name": "Jane Smith",
    "dob": "1990-09-21",
    "gender": "Female",
    "position": "Fire Safety Officer",
    "station": 2,
    "shift": [
      4,
      21
    ]
  }
},
{
  "model": "fire_station.staff",
  "pk": 7,
  "fields": {
    "full_name": "John Doe",
    "dob": "1985-06-15",
    "gender": "Male",
    "position": "Station Manager",
    "station": 3,
    "shift": [
      6,
      12,
      15,
      19
    ]
  }
},
{
  "model": "fire_station.staff",
  "pk": 8,
  "fields": {
    "full_name": "Liam Green",
    "dob": "1993-01-12",
    "gender": "Male",
    "position": "Logistics Officer",
    "station": 3,
    "shift": [
      13,
      16,
      18
    ]
  }
},
{
  "model": "fire_station.staff",
  "pk": 9,
  "fields": {
    "full_name": "Chris Johnson",
    "dob": "1988-11-02",
    "gender": "Male",
    "position": "Operations Supervisor",
    "station": 5,
    "shift": [
      5,
      15
    ]
  }
},
{
  "model": "fire_station.staff",
  "pk": 10,
  "fields": {
    "full_name": "Emma Adams",
    "dob": "1991-07-09",
    "gender": "Female",
    "position": "Fire Safety Officer",
    "station": 5,
    "shift": [
      11,
      20,
      22
    ]
  }
},
{
  "model": "fire_station.staff",
  "pk": 11,
  "fields": {
    "full_name": "Mary Williams",
    "dob": "1982-02-18",
    "gender": "Female",
    "position": "Training Coordinator",
    "station": 4,
    "shift": [
      8
    ]
  }
},
{
  "model": "fire_station.staff",
  "pk": 12,
  "fields": {
    "full_name": "Alex Taylor",
    "dob": "1995-03-30",
    "gender": "Other",
    "position": "Logistics Officer",
    "station": 6,
    "shift": [
      11,
      13
    ]
  }
},
{
  "model": "fire_station.staff",
  "pk": 13,
  "fields": {
    "full_name": "Grace White",
    "dob": "1987-12-02",
    "gender": "Female",
    "position": "Community Outreach Coordinator",
    "station": 6,
    "shift": [
      6,
      13,
      19
    ]
  }
},
{
  "model": "fire_station.staff",
  "pk": 14,
  "fields": {
    "full_name": "Emily Brown",
    "dob": "1987-07-22",
    "gender": "Female",
    "position": "Administrative Assistant",
    "station": 7,
    "shift": [
      8,
      11,
      17
    ]
  }
},
{
  "model": "fire_station.staff",
  "pk": 15,
  "fields": {
    "full_name": "David Clark",
    "dob": "1980-05-17",
    "gender": "Male",
    "position": "Public Relations Officer",
    "station": 8,
    "shift": [
      5,
      7
    ]
  }
},
{
  "model": "fire_station.staff",
  "pk": 16,
  "fields": {
    "full_name": "Olivia Martinez",
    "dob": "1989-01-28",
    "gender": "Female",
    "position": "Community Outreach Coordinator",
    "station": 9,
    "shift": [
      6,
      9,
      15,
      19,
      20
    ]
  }
},
{
  "model": "fire_station.staff",
  "pk": 17,
  "fields": {
    "full_name": "Sophia Lee",
    "dob": "1993-12-05",
    "gender": "Female",
    "position": "Health and Safety Officer",
    "station": 10,
    "shift": [
      7,
      19,
      21
    ]
  }
},
{
  "model": "fire_station.staff",
  "pk": 18,
  "fields": {
    "full_name": "William Harris",
    "dob": "1996-10-14",
    "gender": "Male",
    "position": "Maintenance Supervisor",
    "station": 11,
    "shift": [
      11,
      15
    ]
  }
},
{
  "model": "fire_station.staff",
  "pk": 19,
  "fields": {
    "full_name": "Sophia Turner",
    "dob": "1990-06-30",
    "gender": "Female",
    "position": "Logistics Officer",
    "station": 11,
    "shift": [
      13,
      16,
      17
    ]
  }
},
{
  "model": "fire_station.staff",
  "pk": 20,
  "fields": {
    "full_name": "John Miller",
    "dob": "1992-05-11",
    "gender": "Male",
    "position": "Operations Supervisor",
    "station": 1,
    "shift": [
      9,
      19
    ]
  }
},
{
  "model": "fire_station.staff",
  "pk": 21,
  "fields": {
    "full_name": "Laura Carter",
    "dob": "1983-02-03",
    "gender": "Female",
    "position": "Community Outreach Coordinator",
    "station": 3,
    "shift": [
      9
    ]
  }
},
{
  "model": "fire_station.staff",
  "pk": 22,
  "fields": {
    "full_name": "Daniel Lee",
    "dob": "1994-11-18",
    "gender": "Male",
    "position": "Public Relations Officer",
    "station": 7,
    "shift": [
      9,
      19
    ]
  }
},
{
  "model": "fire_station.staff",
  "pk": 23,
  "fields": {
    "full_name": "Rachel Scott",
    "dob": "1985-07-26",
    "gender": "Female",
    "position": "Fire Safety Officer",
    "station": 9,
    "shift": [
      4,
      6,
      12,
      15
    ]
  }
},
{
  "model": "fire_station.staff",
  "pk": 107,
  "fields": {
    "full_name": "adsfdgdvdm gbdfsdsvded",
    "dob": "0011-11-11",
    "gender": "Male",
    "position": "Fire Fighter",
    "station": 2,
    "shift": [
      2,
      7
    ]
  }
},
{
  "model": "fire_station.staff",
  "pk": 108,
  "fields": {
    "full_name": "Good Guy",
    "dob": "0001-11-11",
    "gender": "Male",
    "position": "Fire Fighter",
    "station": 3,
    "shift": [
      2,
      6,
      11
    ]
  }
},
{
  "model": "fire_station.staff",
  "pk": 109,
  "fields": {
    "full_name": "Sum guy",
    "dob": "0001-11-11",
    "gender": "Male",
    "position": "Fire Fighter",
    "station": 4,
    "shift": [
      2,
      5,
      11
    ]
  }
},
{
  "model": "fire_station.staff",
  "pk": 110,
  "fields": {
    "full_name": "Sum wan",
    "dob": "0001-11-11",
    "gender": "Female",
    "position": "Fire Fighter",
    "station": 5,
    "shift": [
      5,
      11
    ]
  }
},
{
  "model": "fire_station.staff",
  "pk": 111,
  "fields": {
    "full_name": "Ming moing",
    "dob": "0001-11-11",
    "gender": "Male",
    "position": "Fire Fighter",
    "station": 6,
    "shift": [
      5,
      18,
      19
    ]
  }
},
{
  "model": "fire_station.staff",
  "pk": 112,
  "fields": {
    "full_name": "yee mee",
    "dob": "0001-11-11",
    "gender": "Other",
    "position": "Fire Fighter",
    "station": 9,
    "shift": [
      2,
      6,
      11,
      18,
      19
    ]
  }
},
{
  "model": "fire_station.staff",
  "pk": 113,
  "fields": {
    "full_name": "yes mam",
    "dob": "0001-11-11",
    "gender": "Female",
    "position": "Fire Fighter",
    "station": 10,
    "shift": [
      10,
      11,
      18
    ]
  }
},
{
  "model": "fire_station.staff",
  "pk": 114,
  "fields": {
    "full_name": "Huh wow",
    "dob": "0001-11-11",
    "gender": "Male",
    "position": "Fire Fighter",
    "station": 11,
    "shift": [
      4,
      10,
      11,
      16,
      21
    ]
  }
},
{
  "model": "fire_station.staff",
  "pk": 115,
  "fields": {
    "full_name": "Jane doe",
    "dob": "0001-11-11",
    "gender": "Female",
    "position": "Fire Fighter",
    "station": 1,
    "shift": [
      5,
      11,
      21,
      22
    ]
  }
},
{
  "model": "fire_station.staff",
  "pk": 116,
  "fields": {
    "full_name": "Jane doing",
    "dob": "0001-11-11",
    "gender": "Female",
    "position": "Fire Fighter",
    "station": 2,
    "shift": [
      2,
      6,
      21,
      22
    ]
  }
},
{
  "model": "fire_station.staff",
  "pk": 117,
  "fields": {
    "full_name": "Was doing",
    "dob": "0001-11-11",
    "gender": "Other",
    "position": "Fire Fighter",
    "station": 3,
    "shift": [
      2,
      5,
      21,
      22
    ]
  }
},
{
  "model": "fire_station.staff",
  "pk": 118,
  "fields": {
    "full_name": "loo loo",
    "dob": "0001-11-11",
    "gender": "Other",
    "position": "Fire Fighter",
    "station": 4,
    "shift": [
      8,
      13,
      21,
      22
    ]
  }
},
{
  "model": "fire_station.staff",
  "pk": 119,
  "fields": {
    "full_name": "yee haw",
    "dob": "0001-11-11",
    "gender": "Female",
    "position": "Fire Fighter",
    "station": 5,
    "shift": [
      8,
      13,
      21,
      22
    ]
  }
},
{
  "model": "fire_station.firefighter",
  "pk": 1,
  "fields": {
    "staff": 1,
    "rank": 2,
    "role": "Hoseline Operator"
  }
},
{
  "model": "fire_station.firefighter",
  "pk": 3,
  "fields": {
    "staff": 107,
    "rank": 5,
    "role": "Vent Technician"
  }
},
{
  "model": "fire_station.firefighter",
  "pk": 4,
  "fields": {
    "staff": 108,
    "rank": 5,
    "role": "Hoseline Operator"
  }
},
{
  "model": "fire_station.firefighter",
  "pk": 5,
  "fields": {
    "staff": 109,
    "rank": 2,
    "role": "Vent Technician"
  }
},
{
  "model": "fire_station.firefighter",
  "pk": 6,
  "fields": {
    "staff": 110,
    "rank": 5,
    "role": "Incident Commander"
  }
},
{
  "model": "fire_station.firefighter",
  "pk": 7,
  "fields": {
    "staff": 111,
    "rank": 8,
    "role": "Vent Technician"
  }
},
{
  "model": "fire_station.firefighter",
  "pk": 8,
  "fields": {
    "staff": 112,
    "rank": 4,
    "role": "Search and Rescue"
  }
},
{
  "model": "fire_station.firefighter",
  "pk": 9,
  "fields": {
    "staff": 113,
    "rank": 3,
    "role": "Hoseline Operator"
  }
},
{
  "model": "fire_station.firefighter",
  "pk": 10,
  "fields": {
    "staff": 114,
    "rank": 2,
    "role": "Search and Rescue"
  }
},
{
  "model": "fire_station.firefighter",
  "pk": 11,
  "fields": {
    "staff": 115,
    "rank": 4,
    "role": "Company Officer"
  }
},
{
  "model": "fire_station.firefighter",
  "pk": 12,
  "fields": {
    "staff": 116,
    "rank": 4,
    "role": "Company Officer"
  }
},
{
  "model": "fire_station.firefighter",
  "pk": 13,
  "fields": {
    "staff": 117,
    "rank": 7,
    "role": "Medic"
  }
},
{
  "model": "fire_station.firefighter",
  "pk": 14,
  "fields": {
    "staff": 118,
    "rank": 8,
    "role": "Hoseline Operator"
  }
},
{
  "model": "fire_station.firefighter",
  "pk": 15,
  "fields": {
    "staff": 119,
    "rank": 5,
    "role": "Incident Commander"
  }
},
{
  "model": "fire_station.equipment",
  "pk": 1,
  "fields": {
    "item_name": "Axe",
    "issue_date": "2020-10-24"
  }
},
{
  "model": "fire_station.equipment",
  "pk": 2,
  "fields": {
    "item_name": "Axe",
    "issue_date": "2020-10-24"
  }
},
{
  "model": "fire_station.equipment",
  "pk": 3,
  "fields": {
    "item_name": "Hose",
    "issue_date": "2020-10-31"
  }
},
{
  "model": "fire_station.equipment",
  "pk": 4,
  "fields": {
    "item_name": "Fire Extinguisher",
    "issue_date": "2021-01-15"
  }
},
{
  "model": "fire_station.equipment",
  "pk": 5,
  "fields": {
    "item_name": "Ladder",
    "issue_date": "2021-03-05"
  }
},
{
  "model": "fire_station.equipment",
  "pk": 6,
  "fields": {
    "item_name": "Water Pump",
    "issue_date": "2021-06-20"
  }
},
{
  "model": "fire_station.equipment",
  "pk": 7,
  "fields": {
    "item_name": "Protective Gloves",
    "issue_date": "2022-02-10"
  }
},
{
  "model": "fire_station.equipment",
  "pk": 8,
  "fields": {
    "item_name": "Fire Hose Reel",
    "issue_date": "2022-07-12"
  }
},
{
  "model": "fire_station.equipment",
  "pk": 9,
  "fields": {
    "item_name": "Thermal Imaging Camera",
    "issue_date": "2023-03-18"
  }
},
{
  "model": "fire_station.equipment",
  "pk": 10,
  "fields": {
    "item_name": "Rescue Saw",
    "issue_date": "2023-05-30"
  }
},
{
  "model": "fire_station.equipment",
  "pk": 11,
  "fields": {
    "item_name": "First Aid Kit",
    "issue_date": "2023-08-22"
  }
},
{
  "model": "fire_station.equipment",
  "pk": 12,
  "fields": {
    "item_name": "Fire Blanket",
    "issue_date": "2021-09-15"
  }
},
{
  "model": "fire_station.equipment",
  "pk": 13,
  "fields": {
    "item_name": "Breathing Apparatus",
    "issue_date": "2021-11-01"
  }
},
{
  "model": "fire_station.equipment",
  "pk": 14,
  "fields": {
    "item_name": "Fire Axe",
    "issue_date": "2022-01-20"
  }
},
{
  "model": "fire_station.equipment",
  "pk": 15,
  "fields": {
    "item_name": "Hydraulic Rescue Tool",
    "issue_date": "2022-03-25"
  }
},
{
  "model": "fire_station.equipment",
  "pk": 16,
  "fields": {
    "item_name": "Ventilation Fan",
    "issue_date": "2022-04-10"
  }
},
{
  "model": "fire_station.equipment",
  "pk": 17,
  "fields": {
    "item_name": "Portable Generator",
    "issue_date": "2022-05-14"
  }
},
{
  "model": "fire_station.equipment",
  "pk": 18,
  "fields": {
    "item_name": "Traffic Cones",
    "issue_date": "2022-06-30"
  }
},
{
  "model": "fire_station.equipment",
  "pk": 19,
  "fields": {
    "item_name": "Pike Pole",
    "issue_date": "2022-08-19"
  }
},
{
  "model": "fire_station.equipment",
  "pk": 20,
  "fields": {
    "item_name": "Rescue Rope",
    "issue_date": "2022-09-22"
  }
},
{
  "model": "fire_station.equipment",
  "pk": 21,
  "fields": {
    "item_name": "Fire Hose Nozzle",
    "issue_date": "2022-10-05"
  }
},
{
  "model": "fire_station.equipment",
  "pk": 22,
  "fields": {
    "item_name": "Smoke Detector Tester",
    "issue_date": "2023-01-12"
  }
},
{
  "model": "fire_station.equipment",
  "pk": 23,
  "fields": {
    "item_name": "Fire Truck Radio",
    "issue_date": "2023-02-15"
  }
},
{
  "model": "fire_station.equipment",
  "pk": 24,
  "fields": {
    "item_name": "Emergency Lighting Kit",
    "issue_date": "2023-04-01"
  }
},
{
  "model": "fire_station.equipment",
  "pk": 25,
  "fields": {
    "item_name": "Chain Saw",
    "issue_date": "2021-12-05"
  }
},
{
  "model": "fire_station.equipment",
  "pk": 26,
  "fields": {
    "item_name": "Portable Fire Pump",
    "issue_date": "2022-11-11"
  }
},
{
  "model": "fire_station.equipment",
  "pk": 27,
  "fields": {
    "item_name": "Axe",
    "issue_date": "2021-02-20"
  }
},
{
  "model": "fire_station.equipment",
  "pk": 28,
  "fields": {
    "item_name": "Hose",
    "issue_date": "2021-03-22"
  }
},
{
  "model": "fire_station.equipment",
  "pk": 29,
  "fields": {
    "item_name": "Fire Extinguisher",
    "issue_date": "2021-04-10"
  }
},
{
  "model": "fire_station.equipment",
  "pk": 30,
  "fields": {
    "item_name": "Fire Hose Reel",
    "issue_date": "2023-07-15"
  }
},
{
  "model": "fire_station.equipment",
  "pk": 31,
  "fields": {
    "item_name": "Thermal Imaging Camera",
    "issue_date": "2023-08-01"
  }
},
{
  "model": "fire_station.equipment",
  "pk": 32,
  "fields": {
    "item_name": "Medical Oxygen Tank",
    "issue_date": "2023-06-18"
  }
},
{
  "model": "fire_station.equipment",
  "pk": 33,
  "fields": {
    "item_name": "Handheld Thermal Camera",
    "issue_date": "2023-07-25"
  }
},
{
  "model": "fire_station.equipment",
  "pk": 34,
  "fields": {
    "item_name": "Axe",
    "issue_date": "2024-10-02"
  }
},
{
  "model": "fire_station.equipment",
  "pk": 35,
  "fields": {
    "item_name": "Axe",
    "issue_date": "2024-10-02"
  }
},
{
  "model": "fire_station.equipment",
  "pk": 36,
  "fields": {
    "item_name": "Axe",
    "issue_date": "2024-10-02"
  }
},
{
  "model": "fire_station.equipment",
  "pk": 37,
  "fields": {
    "item_name": "Axe",
    "issue_date": "2024-10-14"
  }
},
{
  "model": "fire_station.fireengine",
  "pk": 1,
  "fields": {
    "engine_number": 103,
    "model": "AAAA",
    "license_plate": "AAA-11",
    "station": 1,
    "equipments": [
      6,
      7
    ]
  }
},
{
  "model": "fire_station.fireengine",
  "pk": 2,
  "fields": {
    "engine_number": 10,
    "model": "OOO",
    "license_plate": "PPP-1",
    "station": 1,
    "equipments": [
      9,
      10
    ]
  }
},
{
  "model": "fire_station.fireengine",
  "pk": 3,
  "fields": {
    "engine_number": 383,
    "model": "PPP-w",
    "license_plate": "UED-243",
    "station": 2,
    "equipments": [
      27
    ]
  }
},
{
  "model": "fire_station.fireengine",
  "pk": 4,
  "fields": {
    "engine_number": 294,
    "model": "wow",
    "license_plate": "WOW-11",
    "station": 3,
    "equipments": [
      11,
      12
    ]
  }
},
{
  "model": "fire_station.fireengine",
  "pk": 5,
  "fields": {
    "engine_number": 1494,
    "model": "KDM-34",
    "license_plate": "DNV-304",
    "station": 4,
    "equipments": [
      31,
      32
    ]
  }
},
{
  "model": "fire_station.fireengine",
  "pk": 6,
  "fields": {
    "engine_number": 395,
    "model": "MMM-2",
    "license_plate": "MDV-33",
    "station": 5,
    "equipments": [
      1
    ]
  }
},
{
  "model": "fire_station.fireengine",
  "pk": 7,
  "fields": {
    "engine_number": 2432,
    "model": "KEKM",
    "license_plate": "KEEK-333",
    "station": 6,
    "equipments": [
      3,
      4
    ]
  }
},
{
  "model": "fire_station.fireengine",
  "pk": 8,
  "fields": {
    "engine_number": 432,
    "model": "KVM",
    "license_plate": "KENv-32",
    "station": 7,
    "equipments": [
      5
    ]
  }
},
{
  "model": "fire_station.fireengine",
  "pk": 9,
  "fields": {
    "engine_number": 3024,
    "model": "DKVM",
    "license_plate": "KV-1",
    "station": 8,
    "equipments": [
      8
    ]
  }
},
{
  "model": "fire_station.fireengine",
  "pk": 10,
  "fields": {
    "engine_number": 304,
    "model": "KJV",
    "license_plate": "KEV-2",
    "station": 9,
    "equipments": [
      13
    ]
  }
},
{
  "model": "fire_station.fireengine",
  "pk": 11,
  "fields": {
    "engine_number": 204,
    "model": "KDVM",
    "license_plate": "KDNVJ-2",
    "station": 10,
    "equipments": [
      16
    ]
  }
},
{
  "model": "fire_station.fireengine",
  "pk": 12,
  "fields": {
    "engine_number": 394,
    "model": "KDN",
    "license_plate": "KKE-2",
    "station": 11,
    "equipments": [
      14,
      15
    ]
  }
},
{
  "model": "fire_station.fireengine",
  "pk": 13,
  "fields": {
    "engine_number": 134,
    "model": "BJGR",
    "license_plate": "IN -35",
    "station": 2,
    "equipments": [
      2,
      18,
      20,
      21,
      22
    ]
  }
},
{
  "model": "fire_station.dispatch",
  "pk": 1,
  "fields": {
    "incident": 1,
    "reported_time": "2020-06-26T02:22:00Z",
    "notified_time": "2020-06-26T02:25:00Z",
    "address": "456 Elm Avenue, Rivertown, TX 75001, USA",
    "station": 1,
    "resolved_time": "2020-06-26T02:27:00Z",
    "fire_engine": [
      1
    ],
    "equipment_used": [
      7
    ],
    "fire_fighter": [
      1
    ]
  }
},
{
  "model": "fire_station.dispatch",
  "pk": 4,
  "fields": {
    "incident": 4,
    "reported_time": "2024-11-25T10:10:00Z",
    "notified_time": "2024-11-25T10:11:00Z",
    "address": "789 Pine Lane, Hillcrest, CA 90210, USA",
    "station": 2,
    "resolved_time": "2024-11-25T10:14:00Z",
    "fire_engine": [
      3
    ],
    "equipment_used": [
      27
    ],
    "fire_fighter": [
      3,
      12
    ]
  }
},
{
  "model": "fire_station.dispatch",
  "pk": 5,
  "fields": {
    "incident": 3,
    "reported_time": "2024-06-11T02:02:00Z",
    "notified_time": "2024-06-11T02:05:00Z",
    "address": "321 Oak Drive, Maplewood, NJ 07040, USA",
    "station": 3,
    "resolved_time": "2024-06-11T03:10:00Z",
    "fire_engine": [
      4
    ],
    "equipment_used": [
      11,
      12
    ],
    "fire_fighter": [
      4,
      13
    ]
  }
},
{
  "model": "fire_station.dispatch",
  "pk": 6,
  "fields": {
    "incident": 5,
    "reported_time": "2019-01-23T06:06:00Z",
    "notified_time": "2019-01-23T06:07:00Z",
    "address": "654 Cedar Boulevard, Lakeside, FL 32123, USA",
    "station": 4,
    "resolved_time": "2019-01-23T07:00:00Z",
    "fire_engine": [
      5
    ],
    "equipment_used": [
      32
    ],
    "fire_fighter": [
      5
    ]
  }
},
{
  "model": "fire_station.dispatch",
  "pk": 7,
  "fields": {
    "incident": 6,
    "reported_time": "2022-02-12T10:05:00Z",
    "notified_time": "2022-02-12T10:07:00Z",
    "address": "987 Birch Street, Pleasantville, NY 10570, USA",
    "station": 5,
    "resolved_time": "2022-02-12T10:30:00Z",
    "fire_engine": [
      6
    ],
    "equipment_used": [
      1
    ],
    "fire_fighter": [
      6,
      15
    ]
  }
},
{
  "model": "fire_station.dispatch",
  "pk": 8,
  "fields": {
    "incident": 9,
    "reported_time": "2005-04-10T03:02:00Z",
    "notified_time": "2005-04-10T03:10:00Z",
    "address": "135 Willow Way, Greenfield, MA 01301, USA",
    "station": 6,
    "resolved_time": "2005-04-10T03:40:00Z",
    "fire_engine": [
      7
    ],
    "equipment_used": [
      3
    ],
    "fire_fighter": [
      7
    ]
  }
},
{
  "model": "fire_station.dispatch",
  "pk": 9,
  "fields": {
    "incident": 2,
    "reported_time": "2022-05-24T12:12:00Z",
    "notified_time": "2022-05-24T12:19:00Z",
    "address": "246 Spruce Road, Sunnyvale, CA 94086, USA",
    "station": 9,
    "resolved_time": "2022-05-24T12:50:00Z",
    "fire_engine": [
      10
    ],
    "equipment_used": [
      13
    ],
    "fire_fighter": [
      8
    ]
  }
},
{
  "model": "fire_station.dispatch",
  "pk": 10,
  "fields": {
    "incident": 6,
    "reported_time": "2019-08-09T08:09:00Z",
    "notified_time": "2019-08-09T08:15:00Z",
    "address": "369 Ash Court, Brookhaven, GA 30319, USA",
    "station": 10,
    "resolved_time": "2019-08-09T09:00:00Z",
    "fire_engine": [
      11
    ],
    "equipment_used": [
      16
    ],
    "fire_fighter": [
      9
    ]
  }
},
{
  "model": "fire_station.dispatch",
  "pk": 11,
  "fields": {
    "incident": 7,
    "reported_time": "2024-11-28T11:11:00Z",
    "notified_time": "2024-11-28T11:15:00Z",
    "address": "KU canel",
    "station": 1,
    "resolved_time": "2024-11-28T11:40:00Z",
    "fire_engine": [
      1,
      2
    ],
    "equipment_used": [
      6,
      10
    ],
    "fire_fighter": [
      1
    ]
  }
},
{
  "model": "auth.permission",
  "pk": 1,
  "fields": {
    "name": "Can add station",
    "content_type": 1,
    "codename": "add_station"
  }
},
{
  "model": "auth.permission",
  "pk": 2,
  "fields": {
    "name": "Can change station",
    "content_type": 1,
    "codename": "change_station"
  }
},
{
  "model": "auth.permission",
  "pk": 3,
  "fields": {
    "name": "Can delete station",
    "content_type": 1,
    "codename": "delete_station"
  }
},
{
  "model": "auth.permission",
  "pk": 4,
  "fields": {
    "name": "Can view station",
    "content_type": 1,
    "codename": "view_station"
  }
},
{
  "model": "auth.permission",
  "pk": 5,
  "fields": {
    "name": "Can add shift",
    "content_type": 2,
    "codename": "add_shift"
  }
},
{
  "model": "auth.permission",
  "pk": 6,
  "fields": {
    "name": "Can change shift",
    "content_type": 2,
    "codename": "change_shift"
  }
},
{
  "model": "auth.permission",
  "pk": 7,
  "fields": {
    "name": "Can delete shift",
    "content_type": 2,
    "codename": "delete_shift"
  }
},
{
  "model": "auth.permission",
  "pk": 8,
  "fields": {
    "name": "Can view shift",
    "content_type": 2,
    "codename": "view_shift"
  }
},
{
  "model": "auth.permission",
  "pk": 9,
  "fields": {
    "name": "Can add staff",
    "content_type": 3,
    "codename": "add_staff"
  }
},
{
  "model": "auth.permission",
  "pk": 10,
  "fields": {
    "name": "Can change staff",
    "content_type": 3,
    "codename": "change_staff"
  }
},
{
  "model": "auth.permission",
  "pk": 11,
  "fields": {
    "name": "Can delete staff",
    "content_type": 3,
    "codename": "delete_staff"
  }
},
{
  "model": "auth.permission",
  "pk": 12,
  "fields": {
    "name": "Can view staff",
    "content_type": 3,
    "codename": "view_staff"
  }
},
{
  "model": "auth.permission",
  "pk": 13,
  "fields": {
    "name": "Can add fire fighter",
    "content_type": 4,
    "codename": "add_firefighter"
  }
},
{
  "model": "auth.permission",
  "pk": 14,
  "fields": {
    "name": "Can change fire fighter",
    "content_type": 4,
    "codename": "change_firefighter"
  }
},
{
  "model": "auth.permission",
  "pk": 15,
  "fields": {
    "name": "Can delete fire fighter",
    "content_type": 4,
    "codename": "delete_firefighter"
  }
},
{
  "model": "auth.permission",
  "pk": 16,
  "fields": {
    "name": "Can view fire fighter",
    "content_type": 4,
    "codename": "view_firefighter"
  }
},
{
  "model": "auth.permission",
  "pk": 17,
  "fields": {
    "name": "Can add equipment",
    "content_type": 5,
    "codename": "add_equipment"
  }
},
{
  "model": "auth.permission",
  "pk": 18,
  "fields": {
    "name": "Can change equipment",
    "content_type": 5,
    "codename": "change_equipment"
  }
},
{
  "model": "auth.permission",
  "pk": 19,
  "fields": {
    "name": "Can delete equipment",
    "content_type": 5,
    "codename": "delete_equipment"
  }
},
{
  "model": "auth.permission",
  "pk": 20,
  "fields": {
    "name": "Can view equipment",
    "content_type": 5,
    "codename": "view_equipment"
  }
},
{
  "model": "auth.permission",
  "pk": 21,
  "fields": {
    "name": "Can add fire engine",
    "content_type": 6,
    "codename": "add_fireengine"
  }
},
{
  "model": "auth.permission",
  "pk": 22,
  "fields": {
    "name": "Can change fire engine",
    "content_type": 6,
    "codename": "change_fireengine"
  }
},
{
  "model": "auth.permission",
  "pk": 23,
  "fields": {
    "name": "Can delete fire engine",
    "content_type": 6,
    "codename": "delete_fireengine"
  }
},
{
  "model": "auth.permission",
  "pk": 24,
  "fields": {
    "name": "Can view fire engine",
    "content_type": 6,
    "codename": "view_fireengine"
  }
},
{
  "model": "auth.permission",
  "pk": 25,
  "fields": {
    "name": "Can add dispatch",
    "content_type": 7,
    "codename": "add_dispatch"
  }
},
{
  "model": "auth.permission",
  "pk": 26,
  "fields": {
    "name": "Can change dispatch",
    "content_type": 7,
    "codename": "change_dispatch"
  }
},
{
  "model": "auth.permission",
  "pk": 27,
  "fields": {
    "name": "Can delete dispatch",
    "content_type": 7,
    "codename": "delete_dispatch"
  }
},
{
  "model": "auth.permission",
  "pk": 28,
  "fields": {
    "name": "Can view dispatch",
    "content_type": 7,
    "codename": "view_dispatch"
  }
},
{
  "model": "auth.permission",
  "pk": 29,
  "fields": {
    "name": "Can add log entry",
    "content_type": 8,
    "codename": "add_logentry"
  }
},
{
  "model": "auth.permission",
  "pk": 30,
  "fields": {
    "name": "Can change log entry",
    "content_type": 8,
    "codename": "change_logentry"
  }
},
{
  "model": "auth.permission",
  "pk": 31,
  "fields": {
    "name": "Can delete log entry",
    "content_type": 8,
    "codename": "delete_logentry"
  }
},
{
  "model": "auth.permission",
  "pk": 32,
  "fields": {
    "name": "Can view log entry",
    "content_type": 8,
    "codename": "view_logentry"
  }
},
{
  "model": "auth.permission",
  "pk": 33,
  "fields": {
    "name": "Can add permission",
    "content_type": 9,
    "codename": "add_permission"
  }
},
{
  "model": "auth.permission",
  "pk": 34,
  "fields": {
    "name": "Can change permission",
    "content_type": 9,
    "codename": "change_permission"
  }
},
{
  "model": "auth.permission",
  "pk": 35,
  "fields": {
    "name": "Can delete permission",
    "content_type": 9,
    "codename": "delete_permission"
  }
},
{
  "model": "auth.permission",
  "pk": 36,
  "fields": {
    "name": "Can view permission",
    "content_type": 9,
    "codename": "view_permission"
  }
},
{
  "model": "auth.permission",
  "pk": 37,
  "fields": {
    "name": "Can add group",
    "content_type": 10,
    "codename": "add_group"
  }
},
{
  "model": "auth.permission",
  "pk": 38,
  "fields": {
    "name": "Can change group",
    "content_type": 10,
    "codename": "change_group"
  }
},
{
  "model": "auth.permission",
  "pk": 39,
  "fields": {
    "name": "Can delete group",
    "content_type": 10,
    "codename": "delete_group"
  }
},
{
  "model": "auth.permission",
  "pk": 40,
  "fields": {
    "name": "Can view group",
    "content_type": 10,
    "codename": "view_group"
  }
},
{
  "model": "auth.permission",
  "pk": 41,
  "fields": {
    "name": "Can add user",
    "content_type": 11,
    "codename": "add_user"
  }
},
{
  "model": "auth.permission",
  "pk": 42,
  "fields": {
    "name": "Can change user",
    "content_type": 11,
    "codename": "change_user"
  }
},
{
  "model": "auth.permission",
  "pk": 43,
  "fields": {
    "name": "Can delete user",
    "content_type": 11,
    "codename": "delete_user"
  }
},
{
  "model": "auth.permission",
  "pk": 44,
  "fields": {
    "name": "Can view user",
    "content_type": 11,
    "codename": "view_user"
  }
},
{
  "model": "auth.permission",
  "pk": 45,
  "fields": {
    "name": "Can add content type",
    "content_type": 12,
    "codename": "add_contenttype"
  }
},
{
  "model": "auth.permission",
  "pk": 46,
  "fields": {
    "name": "Can change content type",
    "content_type": 12,
    "codename": "change_contenttype"
  }
},
{
  "model": "auth.permission",
  "pk": 47,
  "fields": {
    "name": "Can delete content type",
    "content_type": 12,
    "codename": "delete_contenttype"
  }
},
{
  "model": "auth.permission",
  "pk": 48,
  "fields": {
    "name": "Can view content type",
    "content_type": 12,
    "codename": "view_contenttype"
  }
},
{
  "model": "auth.permission",
  "pk": 49,
  "fields": {
    "name": "Can add session",
    "content_type": 13,
    "codename": "add_session"
  }
},
{
  "model": "auth.permission",
  "pk": 50,
  "fields": {
    "name": "Can change session",
    "content_type": 13,
    "codename": "change_session"
  }
},
{
  "model": "auth.permission",
  "pk": 51,
  "fields": {
    "name": "Can delete session",
    "content_type": 13,
    "codename": "delete_session"
  }
},
{
  "model": "auth.permission",
  "pk": 52,
  "fields": {
    "name": "Can view session",
    "content_type": 13,
    "codename": "view_session"
  }
},
{
  "model": "contenttypes.contenttype",
  "pk": 1,
  "fields": {
    "app_label": "fire_station",
    "model": "station"
  }
},
{
  "model": "contenttypes.contenttype",
  "pk": 2,
  "fields": {
    "app_label": "fire_station",
    "model": "shift"
  }
},
{
  "model": "contenttypes.contenttype",
  "pk": 3,
  "fields": {
    "app_label": "fire_station",
    "model": "staff"
  }
},
{
  "model": "contenttypes.contenttype",
  "pk": 4,
  "fields": {
    "app_label": "fire_station",
    "model": "firefighter"
  }
},
{
  "model": "contenttypes.contenttype",
  "pk": 5,
  "fields": {
    "app_label": "fire_station",
    "model": "equipment"
  }
},
{
  "model": "contenttypes.contenttype",
  "pk": 6,
  "fields": {
    "app_label": "fire_station",
    "model": "fireengine"
  }
},
{
  "model": "contenttypes.contenttype",
  "pk": 7,
  "fields": {
    "app_label": "fire_station",
    "model": "dispatch"
  }
},
{
  "model": "contenttypes.contenttype",
  "pk": 8,
  "fields": {
    "app_label": "admin",
    "model": "logentry"
  }
},
{
  "model": "contenttypes.contenttype",
  "pk": 9,
  "fields": {
    "app_label": "auth",
    "model": "permission"
  }
},
{
  "model": "contenttypes.contenttype",
  "pk": 10,
  "fields": {
    "app_label": "auth",
    "model": "group"
  }
},
{
  "model": "contenttypes.contenttype",
  "pk": 11,
  "fields": {
    "app_label": "auth",
    "model": "user"
  }
},
{
  "model": "contenttypes.contenttype",
  "pk": 12,
  "fields": {
    "app_label": "contenttypes",
    "model": "contenttype"
  }
},
{
  "model": "contenttypes.contenttype",
  "pk": 13,
  "fields": {
    "app_label": "sessions",
    "model": "session"
  }
}
]
